{"cameraMode":{"drawMode":0,"name":"Shaded","section":"Shading Mode"},"sceneLighting":true,"audioPlay":false,"sceneViewState":{"m_AlwaysRefresh":false,"showFog":true,"showSkybox":true,"showFlares":true,"showImageEffects":true,"showParticleSystems":true,"showVisualEffectGraphs":true,"m_FxEnabled":true},"in2DMode":false,"pivot":{"x":681.8485107421875,"y":568.2886962890625,"z":230.75442504882813},"rotation":{"x":-0.020952774211764337,"y":-0.06593795865774155,"z":-0.0013851376716047526,"w":0.9976046681404114},"size":486.94366455078127,"orthographic":true}